<?xml version="1.0" encoding="UTF-8"?><rss version="2.0"
	xmlns:content="http://purl.org/rss/1.0/modules/content/"
	xmlns:wfw="http://wellformedweb.org/CommentAPI/"
	xmlns:dc="http://purl.org/dc/elements/1.1/"
	xmlns:atom="http://www.w3.org/2005/Atom"
	xmlns:sy="http://purl.org/rss/1.0/modules/syndication/"
	xmlns:slash="http://purl.org/rss/1.0/modules/slash/"
	>

<channel>
	<title>áo cộc &#8211; Thời Trang 24/7</title>
	<atom:link href="/https://github.com/namquocsonha99/namquocsonha99.github.io.git/tu-khoa-san-pham/ao-coc/feed/" rel="self" type="application/rss+xml" />
	<link>/https://github.com/namquocsonha99/namquocsonha99.github.io.git</link>
	<description>Just another WordPress site</description>
	<lastBuildDate>Tue, 26 Oct 2021 03:50:22 +0000</lastBuildDate>
	<language>vi</language>
	<sy:updatePeriod>
	hourly	</sy:updatePeriod>
	<sy:updateFrequency>
	1	</sy:updateFrequency>
	<generator>https://wordpress.org/?v=5.8.1</generator>
	<item>
		<title>Áo thun nam in hình YouTube phong cách hàn quốc</title>
		<link>/https://github.com/namquocsonha99/namquocsonha99.github.io.git/san-pham/ao-thun-nam-in-hinh-youtube-phong-cach-han-quoc-vai-day-min-atnk1078/</link>
					<comments>/https://github.com/namquocsonha99/namquocsonha99.github.io.git/san-pham/ao-thun-nam-in-hinh-youtube-phong-cach-han-quoc-vai-day-min-atnk1078/#comments</comments>
		
		<dc:creator><![CDATA[nam]]></dc:creator>
		<pubDate>Tue, 26 Oct 2021 03:41:27 +0000</pubDate>
				<guid isPermaLink="false">/https://github.com/namquocsonha99/namquocsonha99.github.io.git/?post_type=product&#038;p=37</guid>

					<description><![CDATA[<table class="woocommerce-product-attributes shop_attributes">
<tbody>
<tr class="woocommerce-product-attributes-item woocommerce-product-attributes-item--weight">
<th class="woocommerce-product-attributes-item__label">TRỌNG LƯỢNG</th>
<td class="woocommerce-product-attributes-item__value">N/A</td>
</tr>
<tr class="woocommerce-product-attributes-item woocommerce-product-attributes-item--attribute_pa_mau-sac">
<th class="woocommerce-product-attributes-item__label">MÀU SẮC</th>
<td class="woocommerce-product-attributes-item__value">đen, đỏ, trắng, xanh</td>
</tr>
<tr class="woocommerce-product-attributes-item woocommerce-product-attributes-item--attribute_pa_size">
<th class="woocommerce-product-attributes-item__label">SIZE</th>
<td class="woocommerce-product-attributes-item__value">2XL, L, M, S</td>
</tr>
</tbody>
</table>]]></description>
										<content:encoded><![CDATA[<p>Chất liệu thun mềm mại co giãn tốt , thoáng mát</p>
<p>Thiết kế thời trang phù hợp xu hướng hiện nay</p>
<p>Kiểu dáng đa phong cách</p>
<p>Đường may tinh tế sắc sảo</p>
<p>Áo thun được thiết kế vể đẹp trẻ trung năng động nhưng không kém phần duyên dáng.</p>
<p>Áo được thiết kế đẹp, chuẩn form, đường may sắc xảo, vải cotton dày, mịn, thấm hút mồ hôi tạo sự thoải mái khi mặc!</p>
<p>Dễ dàng phối trang phục , thích hợp đi chơi đi làm đi dạo phố</p>
<p>Thích hợp cho sự kết hợp vứi quần jean, sọt,legging!</p>
<p>Cam kết về chất lượng sản phẩm, bảo hành vị trí in vĩnh viễn không phai mực</p>
<p>Có đủ các size S, M, L, XL,2XL,3XLđáp ứng cho mọi khách hàng</p>
<p>Giá sản phẩm trên Tiki đã bao gồm thuế theo luật hiện hành. Bên cạnh đó, tuỳ vào loại sản phẩm, hình thức và địa chỉ giao hàng mà có thể phát sinh thêm chi phí khác như phí vận chuyển, phụ phí hàng cồng kềnh, thuế nhập khẩu (đối với đơn hàng giao từ nước ngoài có giá trị trên 1 triệu đồng)&#8230;..</p>
]]></content:encoded>
					
					<wfw:commentRss>/https://github.com/namquocsonha99/namquocsonha99.github.io.git/san-pham/ao-thun-nam-in-hinh-youtube-phong-cach-han-quoc-vai-day-min-atnk1078/feed/</wfw:commentRss>
			<slash:comments>1</slash:comments>
		
		
			</item>
	</channel>
</rss>
