<?xml version="1.0" encoding="UTF-8"?><rss version="2.0"
	xmlns:content="http://purl.org/rss/1.0/modules/content/"
	xmlns:wfw="http://wellformedweb.org/CommentAPI/"
	xmlns:dc="http://purl.org/dc/elements/1.1/"
	xmlns:atom="http://www.w3.org/2005/Atom"
	xmlns:sy="http://purl.org/rss/1.0/modules/syndication/"
	xmlns:slash="http://purl.org/rss/1.0/modules/slash/"
	>

<channel>
	<title>QUẦN NỮ &#8211; Thời Trang 24/7</title>
	<atom:link href="/https://github.com/namquocsonha99/namquocsonha99.github.io.git/danh-muc-san-pham/thoi-trang-nu/quan-nu/feed/" rel="self" type="application/rss+xml" />
	<link>/https://github.com/namquocsonha99/namquocsonha99.github.io.git</link>
	<description>Just another WordPress site</description>
	<lastBuildDate>Tue, 26 Oct 2021 07:45:48 +0000</lastBuildDate>
	<language>vi</language>
	<sy:updatePeriod>
	hourly	</sy:updatePeriod>
	<sy:updateFrequency>
	1	</sy:updateFrequency>
	<generator>https://wordpress.org/?v=5.8.1</generator>
	<item>
		<title>Quần Ống Rộng Nữ Ulzzang Chất Vải Nhung Tăm Xuất Hàn</title>
		<link>/https://github.com/namquocsonha99/namquocsonha99.github.io.git/san-pham/quan-ong-rong-nu-ulzzang-chat-vai-nhung-tam-xuat-han/</link>
					<comments>/https://github.com/namquocsonha99/namquocsonha99.github.io.git/san-pham/quan-ong-rong-nu-ulzzang-chat-vai-nhung-tam-xuat-han/#respond</comments>
		
		<dc:creator><![CDATA[nam]]></dc:creator>
		<pubDate>Tue, 26 Oct 2021 07:45:46 +0000</pubDate>
				<guid isPermaLink="false">/https://github.com/namquocsonha99/namquocsonha99.github.io.git/?post_type=product&#038;p=118</guid>

					<description><![CDATA[<table>
<tbody>
<tr>
<td>Thương hiệu</td>
<td>OEM</td>
</tr>
<tr>
<td>Xuất xứ</td>
<td>Việt Nam</td>
</tr>
</tbody>
</table>]]></description>
										<content:encoded><![CDATA[<p>Quần Ống Rộng Nữ Ulzzang Chất Vải Nhung Tăm Xuất Hàn, Cạp Cao Khóa Trước Siêu Xinh Xưởng May Nam Anh Ra Thêm 1 mẫu quần ống rộng đang trend năm nay &#8211; Quần Ống Rộng Nữ dài 95 &#8211; 100cm chất nhung tăm &#8211; Có 4 màu: đen, be, hồng, hồng đất ( Kèm Ảnh Thật Shop Tự Chụp ) &#8211; Bảng size (S, M, L, XL) tương ứng khoảng cân với số đo các vòng &#8211; Shop ưu tiên theo thông số đo eo mông hơn nha c e, thông số cân nặng để cân nhắc thêm nếu người mình bị to lệch hơn tỷ lệ bình thường: + Size S: 40-45kg, eo S &lt; 65cm, mông&lt; 90cm + Size M: 45-49kg,eo M &lt; 72cm mông&lt; 92cm + Size L: 49-54kg,eo L &lt; 78cm mông&lt; 95cm + Size XL: 54-60kg,eo XL &lt; 85cm mông&lt;100cm THÔNG SỐ SIZE TƯƠNG ĐỐI THEO BODY PHỔ THÔNG VÀ KINH NGHIỆM KHÁCH ĐÃ ĐẾN CỬA HÀNG THỬ, NẾU KHÁCH CÓ MÔNG/ BỤNG/ ĐÙI TO HOẶC NGƯỜI XỔ KO CHẮC THÌ NÊN TĂNG 1 ĐẾN 2 SIZE TÙY THEO MỨC ĐỘ Ạ. <img src="https://s.w.org/images/core/emoji/13.1.0/72x72/1f33b.png" alt="🌻" class="wp-smiley" style="height: 1em; max-height: 1em;" /> Cam kết sản phẩm đúng như hình ảnh 100% <img src="https://s.w.org/images/core/emoji/13.1.0/72x72/1f33b.png" alt="🌻" class="wp-smiley" style="height: 1em; max-height: 1em;" /> Hoàn tiền 100% nếu khách phát hiện hàng lỗi <img src="https://s.w.org/images/core/emoji/13.1.0/72x72/1f33b.png" alt="🌻" class="wp-smiley" style="height: 1em; max-height: 1em;" /> SỈ IBOX trực tiếp cho shop để được giá sỉ RẺ nhất nha <img src="https://s.w.org/images/core/emoji/13.1.0/72x72/1f33b.png" alt="🌻" class="wp-smiley" style="height: 1em; max-height: 1em;" /> Chúc các nàng mua sắm vui vẻ, luôn xinh đẹp và tràn đầy hạnh phúc nhaaaa<img src="https://s.w.org/images/core/emoji/13.1.0/72x72/2763.png" alt="❣" class="wp-smiley" style="height: 1em; max-height: 1em;" /></p>
]]></content:encoded>
					
					<wfw:commentRss>/https://github.com/namquocsonha99/namquocsonha99.github.io.git/san-pham/quan-ong-rong-nu-ulzzang-chat-vai-nhung-tam-xuat-han/feed/</wfw:commentRss>
			<slash:comments>0</slash:comments>
		
		
			</item>
	</channel>
</rss>
