<?xml version="1.0" encoding="UTF-8"?><rss version="2.0"
	xmlns:content="http://purl.org/rss/1.0/modules/content/"
	xmlns:dc="http://purl.org/dc/elements/1.1/"
	xmlns:atom="http://www.w3.org/2005/Atom"
	xmlns:sy="http://purl.org/rss/1.0/modules/syndication/"
	
	>
<channel>
	<title>
	Bình luận cho Thời Trang 24/7	</title>
	<atom:link href="/https://github.com/namquocsonha99/namquocsonha99.github.io.git/comments/feed/" rel="self" type="application/rss+xml" />
	<link>/https://github.com/namquocsonha99/namquocsonha99.github.io.git</link>
	<description>Just another WordPress site</description>
	<lastBuildDate>Thu, 28 Oct 2021 14:15:43 +0000</lastBuildDate>
	<sy:updatePeriod>
	hourly	</sy:updatePeriod>
	<sy:updateFrequency>
	1	</sy:updateFrequency>
	<generator>https://wordpress.org/?v=5.8.1</generator>
	<item>
		<title>
		Phản hồi cho Áo thun nam in hình YouTube phong cách hàn quốc bởi nam		</title>
		<link>/https://github.com/namquocsonha99/namquocsonha99.github.io.git/san-pham/ao-thun-nam-in-hinh-youtube-phong-cach-han-quoc-vai-day-min-atnk1078/#comment-3</link>

		<dc:creator><![CDATA[nam]]></dc:creator>
		<pubDate>Tue, 26 Oct 2021 03:50:20 +0000</pubDate>
		<guid isPermaLink="false">/https://github.com/namquocsonha99/namquocsonha99.github.io.git/?post_type=product&#038;p=37#comment-3</guid>

					<description><![CDATA[ổn]]></description>
			<content:encoded><![CDATA[<p>ổn</p>
]]></content:encoded>
		
			</item>
		<item>
		<title>
		Phản hồi cho Áo Sơ Mi Dài Tay Lính Mỹ U458 US ARMY bởi nam		</title>
		<link>/https://github.com/namquocsonha99/namquocsonha99.github.io.git/san-pham/ao-so-mi-dai-tay-linh-my-u458-us-army/#comment-2</link>

		<dc:creator><![CDATA[nam]]></dc:creator>
		<pubDate>Tue, 26 Oct 2021 03:24:39 +0000</pubDate>
		<guid isPermaLink="false">/https://github.com/namquocsonha99/namquocsonha99.github.io.git/?post_type=product&#038;p=30#comment-2</guid>

					<description><![CDATA[chất]]></description>
			<content:encoded><![CDATA[<p>chất</p>
]]></content:encoded>
		
			</item>
	</channel>
</rss>
