<?xml version="1.0" encoding="UTF-8"?><rss version="2.0"
	xmlns:content="http://purl.org/rss/1.0/modules/content/"
	xmlns:wfw="http://wellformedweb.org/CommentAPI/"
	xmlns:dc="http://purl.org/dc/elements/1.1/"
	xmlns:atom="http://www.w3.org/2005/Atom"
	xmlns:sy="http://purl.org/rss/1.0/modules/syndication/"
	xmlns:slash="http://purl.org/rss/1.0/modules/slash/"
	>

<channel>
	<title>áo cộc nữ &#8211; Thời Trang 24/7</title>
	<atom:link href="/https://github.com/namquocsonha99/namquocsonha99.github.io.git/tu-khoa-san-pham/ao-coc-nu/feed/" rel="self" type="application/rss+xml" />
	<link>/https://github.com/namquocsonha99/namquocsonha99.github.io.git</link>
	<description>Just another WordPress site</description>
	<lastBuildDate>Tue, 26 Oct 2021 03:57:03 +0000</lastBuildDate>
	<language>vi</language>
	<sy:updatePeriod>
	hourly	</sy:updatePeriod>
	<sy:updateFrequency>
	1	</sy:updateFrequency>
	<generator>https://wordpress.org/?v=5.8.1</generator>
	<item>
		<title>Áo Thun Nữ Cổ Tròn Tay Ngắn Vải Mềm Mãi Màu Trơn Trẻ Trung</title>
		<link>/https://github.com/namquocsonha99/namquocsonha99.github.io.git/san-pham/ao-thun-nu-co-tron-tay-ngan-vai-mem-mai-mau-tron-tre-trung/</link>
					<comments>/https://github.com/namquocsonha99/namquocsonha99.github.io.git/san-pham/ao-thun-nu-co-tron-tay-ngan-vai-mem-mai-mau-tron-tre-trung/#respond</comments>
		
		<dc:creator><![CDATA[nam]]></dc:creator>
		<pubDate>Tue, 26 Oct 2021 03:57:00 +0000</pubDate>
				<guid isPermaLink="false">/https://github.com/namquocsonha99/namquocsonha99.github.io.git/?post_type=product&#038;p=45</guid>

					<description><![CDATA[<table>
<tbody>
<tr>
<td>Thương hiệu</td>
<td>OEM</td>
</tr>
<tr>
<td>Xuất xứ</td>
<td>Trung Quốc</td>
</tr>
<tr>
<td>Chất liệu</td>
<td>polyester</td>
</tr>
</tbody>
</table>]]></description>
										<content:encoded><![CDATA[<div class="ToggleContent__View-sc-1dbmfaw-0 cYhiAl">
<div>
<ul>
<li>&#xfe0f;Mô tả chi tiết sản phẩm</li>
<li></li>
<li>&#xfe0f;Kiểu dáng: Áo Thun Cổ Tròn</li>
<li></li>
<li>&#xfe0f;Phong cách: Áo Thun Cổ Tròn Tay Ngắn</li>
<li></li>
<li>&#xfe0f;Chất liệu: Polyester</li>
<li></li>
<li>&#xfe0f;Kích thước: M &#8211; L &#8211; XL &#8211; 2XL</li>
<li></li>
<li>&#xfe0f;Đặc điểm nổi bật nhất: Sản phẩm bên shop có độ dày tiêu chuẩn, mềm mại cho làn da, cầm mát tay, thiết kế thời trang phù hợp xu hướng hiện nay. Kiểu dáng đa phong cách, đường may tinh tế sắc sảo. Dễ dàng phối trang phục , thích hợp đi chơi đi làm đi dạo phố.</li>
<li></li>
<li>&#xfe0f;Đóng gói: Đóng gói cẩn thận và an toàn, bạn luôn yên tâm khi nhận sản phẩm.</li>
<li></li>
<li>&#8212;&#8212;&#8212;&#8212;&#8212;&#8212;&#8212;&#8212;⁂⁂⁂&#8212;&#8212;&#8212;&#8212;&#8212;&#8212;&#8212;&#8212;</li>
<li></li>
<li>&#xfe0f;Bảng size :</li>
<li></li>
<li>Size M : Nặng 43 &#8211; 46 kg (cao 1,53 &#8211; 1,55 mét)</li>
<li></li>
<li>Size L : Nặng 46 &#8211; 53 kg (cao 1,53 &#8211; 1,58 mét)</li>
<li></li>
<li>Size XL : Nặng 53 &#8211; 57 kg (cao 1,55 &#8211; 1,62 mét)</li>
<li></li>
<li>Size 2XL : Nặng 57 &#8211; 66 kg (cao 1,55 &#8211; 1,66 mét)</li>
<li></li>
<li>&#xfe0f; Nếu chưa chắc về size đừng ngại, hãy Click liên hệ Inbox để hỗ trợ tốt nhất cho bạn nhé&#8230;^^&#8230;</li>
</ul>
<p><img loading="lazy" src="https://salt.tikicdn.com/ts/tmp/31/e9/73/999928039ffb0a141289310b28cef854.jpg" alt="" width="750" height="750" /></p>
<p>Giá sản phẩm trên Tiki đã bao gồm thuế theo luật hiện hành. Bên cạnh đó, tuỳ vào loại sản phẩm, hình thức và địa chỉ giao hàng mà có thể phát sinh thêm chi phí khác như phí vận chuyển, phụ phí hàng cồng kềnh, thuế nhập khẩu (đối với đơn hàng giao từ nước ngoài có giá trị trên 1 triệu đồng)&#8230;..</p>
</div>
</div>
]]></content:encoded>
					
					<wfw:commentRss>/https://github.com/namquocsonha99/namquocsonha99.github.io.git/san-pham/ao-thun-nu-co-tron-tay-ngan-vai-mem-mai-mau-tron-tre-trung/feed/</wfw:commentRss>
			<slash:comments>0</slash:comments>
		
		
			</item>
	</channel>
</rss>
