<?xml version="1.0" encoding="UTF-8"?><rss version="2.0"
	xmlns:content="http://purl.org/rss/1.0/modules/content/"
	xmlns:wfw="http://wellformedweb.org/CommentAPI/"
	xmlns:dc="http://purl.org/dc/elements/1.1/"
	xmlns:atom="http://www.w3.org/2005/Atom"
	xmlns:sy="http://purl.org/rss/1.0/modules/syndication/"
	xmlns:slash="http://purl.org/rss/1.0/modules/slash/"
	>

<channel>
	<title>ÁO NAM &#8211; Thời Trang 24/7</title>
	<atom:link href="/https://github.com/namquocsonha99/namquocsonha99.github.io.git/danh-muc-san-pham/thoi-trang-nam/ao-nam/feed/" rel="self" type="application/rss+xml" />
	<link>/https://github.com/namquocsonha99/namquocsonha99.github.io.git</link>
	<description>Just another WordPress site</description>
	<lastBuildDate>Thu, 28 Oct 2021 14:15:43 +0000</lastBuildDate>
	<language>vi</language>
	<sy:updatePeriod>
	hourly	</sy:updatePeriod>
	<sy:updateFrequency>
	1	</sy:updateFrequency>
	<generator>https://wordpress.org/?v=5.8.1</generator>
	<item>
		<title>Áo thun nam in hình YouTube phong cách hàn quốc</title>
		<link>/https://github.com/namquocsonha99/namquocsonha99.github.io.git/san-pham/ao-thun-nam-in-hinh-youtube-phong-cach-han-quoc-vai-day-min-atnk1078/</link>
					<comments>/https://github.com/namquocsonha99/namquocsonha99.github.io.git/san-pham/ao-thun-nam-in-hinh-youtube-phong-cach-han-quoc-vai-day-min-atnk1078/#comments</comments>
		
		<dc:creator><![CDATA[nam]]></dc:creator>
		<pubDate>Tue, 26 Oct 2021 03:41:27 +0000</pubDate>
				<guid isPermaLink="false">/https://github.com/namquocsonha99/namquocsonha99.github.io.git/?post_type=product&#038;p=37</guid>

					<description><![CDATA[<table class="woocommerce-product-attributes shop_attributes">
<tbody>
<tr class="woocommerce-product-attributes-item woocommerce-product-attributes-item--weight">
<th class="woocommerce-product-attributes-item__label">TRỌNG LƯỢNG</th>
<td class="woocommerce-product-attributes-item__value">N/A</td>
</tr>
<tr class="woocommerce-product-attributes-item woocommerce-product-attributes-item--attribute_pa_mau-sac">
<th class="woocommerce-product-attributes-item__label">MÀU SẮC</th>
<td class="woocommerce-product-attributes-item__value">đen, đỏ, trắng, xanh</td>
</tr>
<tr class="woocommerce-product-attributes-item woocommerce-product-attributes-item--attribute_pa_size">
<th class="woocommerce-product-attributes-item__label">SIZE</th>
<td class="woocommerce-product-attributes-item__value">2XL, L, M, S</td>
</tr>
</tbody>
</table>]]></description>
										<content:encoded><![CDATA[<p>Chất liệu thun mềm mại co giãn tốt , thoáng mát</p>
<p>Thiết kế thời trang phù hợp xu hướng hiện nay</p>
<p>Kiểu dáng đa phong cách</p>
<p>Đường may tinh tế sắc sảo</p>
<p>Áo thun được thiết kế vể đẹp trẻ trung năng động nhưng không kém phần duyên dáng.</p>
<p>Áo được thiết kế đẹp, chuẩn form, đường may sắc xảo, vải cotton dày, mịn, thấm hút mồ hôi tạo sự thoải mái khi mặc!</p>
<p>Dễ dàng phối trang phục , thích hợp đi chơi đi làm đi dạo phố</p>
<p>Thích hợp cho sự kết hợp vứi quần jean, sọt,legging!</p>
<p>Cam kết về chất lượng sản phẩm, bảo hành vị trí in vĩnh viễn không phai mực</p>
<p>Có đủ các size S, M, L, XL,2XL,3XLđáp ứng cho mọi khách hàng</p>
<p>Giá sản phẩm trên Tiki đã bao gồm thuế theo luật hiện hành. Bên cạnh đó, tuỳ vào loại sản phẩm, hình thức và địa chỉ giao hàng mà có thể phát sinh thêm chi phí khác như phí vận chuyển, phụ phí hàng cồng kềnh, thuế nhập khẩu (đối với đơn hàng giao từ nước ngoài có giá trị trên 1 triệu đồng)&#8230;..</p>
]]></content:encoded>
					
					<wfw:commentRss>/https://github.com/namquocsonha99/namquocsonha99.github.io.git/san-pham/ao-thun-nam-in-hinh-youtube-phong-cach-han-quoc-vai-day-min-atnk1078/feed/</wfw:commentRss>
			<slash:comments>1</slash:comments>
		
		
			</item>
		<item>
		<title>Áo Sơ Mi Dài Tay Lính Mỹ U458 US ARMY</title>
		<link>/https://github.com/namquocsonha99/namquocsonha99.github.io.git/san-pham/ao-so-mi-dai-tay-linh-my-u458-us-army/</link>
					<comments>/https://github.com/namquocsonha99/namquocsonha99.github.io.git/san-pham/ao-so-mi-dai-tay-linh-my-u458-us-army/#comments</comments>
		
		<dc:creator><![CDATA[nam]]></dc:creator>
		<pubDate>Tue, 26 Oct 2021 03:23:26 +0000</pubDate>
				<guid isPermaLink="false">/https://github.com/namquocsonha99/namquocsonha99.github.io.git/?post_type=product&#038;p=30</guid>

					<description><![CDATA[<table>
<tbody>
<tr>
<td>Thương hiệu</td>
<td>US ARMY</td>
</tr>
<tr>
<td>Xuất xứ thương hiệu</td>
<td>Việt Nam/Trung Quốc/Thái Lan/Indonesia…</td>
</tr>
<tr>
<td>Xuất xứ</td>
<td>Thái Lan/ Indonesia/Trung Quốc</td>
</tr>
<tr>
<td>Model</td>
<td>Áo Sơ Mi Dài Tay Lính Mỹ U458 US ARMY</td>
</tr>
<tr>
<td>Chất liệu</td>
<td>KAKI</td>
</tr>
</tbody>
</table>]]></description>
										<content:encoded><![CDATA[<h4 class="BlockTitle__Wrapper-sc-qpz3fo-0 eHltcn">Mô Tả Sản Phẩm</h4>
<div class="content">
<div class="ToggleContent__Wrapper-sc-1dbmfaw-1 cqXrJr">
<div class="ToggleContent__View-sc-1dbmfaw-0 cYhiAl">
<div>
<p><strong>CAM KẾT CỦA USARMY:</strong></p>
<p>BẢNG SIZE CHUẨN THEO SỐ ĐO NGƯỜI VIỆT NAM.</p>
<p>HOÀN 100% GIÁ TRỊ ĐƠN HÀNG NẾU KHÔNG GIỐNG MÔ TẢ</p>
<p>HỖ TRỢ MIỄN PHÍ ĐỔI &#8211; TRẢ SẢN PHẨM MỌI TRƯỜNG HỢP</p>
<p><img loading="lazy" src="https://salt.tikicdn.com/ts/tmp/34/43/d0/ab84792bc8e2dadd98278dea95e5be3d.jpg" alt="" width="750" height="1443" /></p>
<p><strong>THÔNG TIN SẢN PHẨM:</strong></p>
<p>+ Tên sản phẩm: Áo Sơ Mi Dài Tay Lính Mỹ U458 US ARMY, Chất Liệu Vải Kaki Cao Cấp Thiết Kế Túi Hộp Phong Cách Loại Xịn- HÀNG CHÍNH HÃNG</p>
<p>+ Chất liệu: Kaki cao cấp</p>
<p>+ Màu sắc: 2 Màu (Đen và xanh rêu)</p>
<p>+ Size: S – M – L – XL – 2XL</p>
<p>+ Áo Lính dạng hộp độc đáo, phong cách lính khỏe khoắn, mạnh mẽ.</p>
<p><img loading="lazy" src="https://salt.tikicdn.com/ts/tmp/ca/61/70/c4333311ed3836b6659ef6341444e6c1.jpg" alt="" width="750" height="750" /></p>
<p><strong>TÍNH</strong><strong> NĂNG NỔI BẬT:</strong></p>
<p>+ Thiết kế theo phong cách thời trang lính Mỹ, trẻ trung, năng động, mạnh mẽ, tôn được vẻ nam tính của người đàn ông</p>
<p>+ Lớp vải dệt mật độ cao với kỹ thuật dệt vải nano nhập khẩu</p>
<p>+ Đường may tỉ mỉ chi tiết đến từng đường kim mũi chỉ</p>
<p>+ Chất vải Kaki pha thoáng khí, thấm hút ẩm tốt, không gây kích ứng, không tĩnh điện, xù lông.</p>
<p>+ Kiểu dáng áo: áo dài tay, dáng đứng, suông, cổ bẻ, có túi</p>
<p>+ Bạn là dân chơi ĐỒ LÍNH</p>
<p>&#xfe0f;+ Bạn là Phượt Thủ mê du lịch</p>
<p>&#xfe0f;+ Bạn là những tay chơi moto phân khối lớn, dân chơi xe minsk .</p>
<p>&#xfe0f;+ Hay bạn chỉ đơn giản là Bạn thích ĐỒ LÍNH</p>
<p>+ Hãy đến với chúng tôi để có bộ đồ ưng ý nhất</p>
<p><img loading="lazy" src="https://salt.tikicdn.com/ts/tmp/74/4a/c5/7313dedf788264d4261c653c67d19a89.jpg" alt="" width="750" height="750" /></p>
<p><strong>HƯỚNG</strong><strong> DẪN SỬ DỤNG:</strong></p>
<p>+ Giặt máy với chu kỳ trung bình và vòng quay ngắn</p>
<p>+ Giặt với nhiệt độ tối đa 30 độ C</p>
<p>+ Sấy nhẹ ở nhiệt độ thường</p>
<p>+ Là ủi không quá 110 độ C</p>
<p>+ Phơi bằng móc dưới bóng râm</p>
<p>+ Không sử dụng chất tẩy</p>
<p><strong>LƯU</strong><strong> Ý NHỎ:</strong></p>
<p>+ Không giặt chung với đồ dễ xước</p>
<p>+ Cẩn thận vướng mắc khi phơi</p>
<p><strong>CHÍNH SÁCH ĐỔI- TRẢ:</strong></p>
<p>+ US ARMY hỗ trợ đổi- trả trong mọi trường hợp: mặc không vừa, không ưng sản phẩm đã đặt, muốn đổi sang sản phẩm khác, khi sản phẩm còn nguyên tem mác và chưa qua sử dụng.</p>
<p>+ Nếu có bất kì khiếu nại cần US ARMY hỗ trợ về sản phẩm, khi MỞ sản phẩm Quý khách NÊN quay lại video quá trình mở hàng để được đảm bảo 100% vấn đề sẽ được giải quyết.</p>
<p><strong>ƯU ĐÃI KHI MUA TẠI US ARMY:</strong></p>
<p>+ Click “Theo dõi” shop để nhận ngay VOUCHER giảm giá.</p>
<p>** US ARMY cảm ơn quý khách hàng đã tin tưởng và đồng hành cùng shop. Chúc bạn có một ngày mua sắm thật thoải mái cùng Shop nhé! Đừng ngần ngại nhắn tin cho shop để được hỗ trợ nhanh nhất bạn nhé!</p>
<p>Giá sản phẩm trên Tiki đã bao gồm thuế theo luật hiện hành. Tuy nhiên tuỳ vào từng loại sản phẩm hoặc phương thức, nơi giao hàng mà có thể phát sinh thêm chi phí khác như phí vận chuyển, phụ phí hàng cồng kềnh,</p>
<p>Giá sản phẩm trên Tiki đã bao gồm thuế theo luật hiện hành. Bên cạnh đó, tuỳ vào loại sản phẩm, hình thức và địa chỉ giao hàng mà có thể phát sinh thêm chi phí khác như phí vận chuyển, phụ phí hàng cồng kềnh, thuế nhập khẩu (đối với đơn hàng giao từ nước ngoài có giá trị trên 1 triệu đồng)&#8230;..</p>
</div>
</div>
</div>
</div>
]]></content:encoded>
					
					<wfw:commentRss>/https://github.com/namquocsonha99/namquocsonha99.github.io.git/san-pham/ao-so-mi-dai-tay-linh-my-u458-us-army/feed/</wfw:commentRss>
			<slash:comments>1</slash:comments>
		
		
			</item>
	</channel>
</rss>
