<?xml version="1.0" encoding="UTF-8"?><rss version="2.0"
	xmlns:content="http://purl.org/rss/1.0/modules/content/"
	xmlns:wfw="http://wellformedweb.org/CommentAPI/"
	xmlns:dc="http://purl.org/dc/elements/1.1/"
	xmlns:atom="http://www.w3.org/2005/Atom"
	xmlns:sy="http://purl.org/rss/1.0/modules/syndication/"
	xmlns:slash="http://purl.org/rss/1.0/modules/slash/"
	>

<channel>
	<title>Uncategorized &#8211; Thời Trang 24/7</title>
	<atom:link href="/https://github.com/namquocsonha99/namquocsonha99.github.io.git/category/uncategorized/feed/" rel="self" type="application/rss+xml" />
	<link>/https://github.com/namquocsonha99/namquocsonha99.github.io.git</link>
	<description>Just another WordPress site</description>
	<lastBuildDate>Thu, 28 Oct 2021 14:22:14 +0000</lastBuildDate>
	<language>vi</language>
	<sy:updatePeriod>
	hourly	</sy:updatePeriod>
	<sy:updateFrequency>
	1	</sy:updateFrequency>
	<generator>https://wordpress.org/?v=5.8.1</generator>
	<item>
		<title>Cách phối đồ với gái đẹp lạ đến từng chi tiết</title>
		<link>/https://github.com/namquocsonha99/namquocsonha99.github.io.git/sinh-vien-cd-nghe-bach-khoa-tim-nguoi-yeu/</link>
					<comments>/https://github.com/namquocsonha99/namquocsonha99.github.io.git/sinh-vien-cd-nghe-bach-khoa-tim-nguoi-yeu/#respond</comments>
		
		<dc:creator><![CDATA[nam]]></dc:creator>
		<pubDate>Fri, 15 Oct 2021 09:18:03 +0000</pubDate>
				<category><![CDATA[Uncategorized]]></category>
		<guid isPermaLink="false">/https://github.com/namquocsonha99/namquocsonha99.github.io.git/?p=8</guid>

					<description><![CDATA[Cái Nhìn Đầu Tiên Giữa cuộc đời em chỉ nhìn có anhCái nhìn đầu đã đượm màu thắm thiếtBởi chút duyên ẩn từ trong sâu thẳmHay anh giống điều gần gũi trong em. Phút nhẹ lòng anh vui vui tự hỏiNhưng thấy cần chi giải thích rạch ròiKhi tim anh mãi đã có em rồiVà [&#8230;]]]></description>
										<content:encoded><![CDATA[
<p><em><strong>Cái Nhìn Đầu Tiên</strong></em></p>



<p>Giữa cuộc đời em chỉ nhìn có anh<br>Cái nhìn đầu đã đượm màu thắm thiết<br>Bởi chút duyên ẩn từ trong sâu thẳm<br>Hay anh giống điều gần gũi trong em.</p>



<p>Phút nhẹ lòng anh vui vui tự hỏi<br>Nhưng thấy cần chi giải thích rạch ròi<br>Khi tim anh mãi đã có em rồi<br>Và anh cũng nhận lòng anh rồi đó.</p>



<p>Em đã tặng anh bài thơ hay nhất<br>Bài thơ hay phải đâu cần nhiều lời<br>Anh giờ biết thơ giống như là tim<br>Đã xúc động trước điều tươi thắm mãi.<br>Đã gặp hình hài niềm yêu trọn vẹn<br>Về một sắc đậm đà trong tình đời<br>Sau thấp thoáng cuộc đời ta đi qua<br>Tim chợt thấy niềm tin hoà nhịp đập.</p>



<p>Những cây số chỉ con đường vời vợi<br>Anh chẳng lo chẳng gì ngăn cách ta<br>Một niềm yêu đã ngân mãi khúc ca<br>Một bài ca ngân từ tim đập mãi.</p>
]]></content:encoded>
					
					<wfw:commentRss>/https://github.com/namquocsonha99/namquocsonha99.github.io.git/sinh-vien-cd-nghe-bach-khoa-tim-nguoi-yeu/feed/</wfw:commentRss>
			<slash:comments>0</slash:comments>
		
		
			</item>
	</channel>
</rss>
