<?xml version="1.0" encoding="UTF-8"?><rss version="2.0"
	xmlns:content="http://purl.org/rss/1.0/modules/content/"
	xmlns:wfw="http://wellformedweb.org/CommentAPI/"
	xmlns:dc="http://purl.org/dc/elements/1.1/"
	xmlns:atom="http://www.w3.org/2005/Atom"
	xmlns:sy="http://purl.org/rss/1.0/modules/syndication/"
	xmlns:slash="http://purl.org/rss/1.0/modules/slash/"
	>

<channel>
	<title>THỜI TRANG NỮ &#8211; Thời Trang 24/7</title>
	<atom:link href="/https://github.com/namquocsonha99/namquocsonha99.github.io.git/danh-muc-san-pham/thoi-trang-nu/feed/" rel="self" type="application/rss+xml" />
	<link>/https://github.com/namquocsonha99/namquocsonha99.github.io.git</link>
	<description>Just another WordPress site</description>
	<lastBuildDate>Tue, 26 Oct 2021 07:45:48 +0000</lastBuildDate>
	<language>vi</language>
	<sy:updatePeriod>
	hourly	</sy:updatePeriod>
	<sy:updateFrequency>
	1	</sy:updateFrequency>
	<generator>https://wordpress.org/?v=5.8.1</generator>
	<item>
		<title>Quần Ống Rộng Nữ Ulzzang Chất Vải Nhung Tăm Xuất Hàn</title>
		<link>/https://github.com/namquocsonha99/namquocsonha99.github.io.git/san-pham/quan-ong-rong-nu-ulzzang-chat-vai-nhung-tam-xuat-han/</link>
					<comments>/https://github.com/namquocsonha99/namquocsonha99.github.io.git/san-pham/quan-ong-rong-nu-ulzzang-chat-vai-nhung-tam-xuat-han/#respond</comments>
		
		<dc:creator><![CDATA[nam]]></dc:creator>
		<pubDate>Tue, 26 Oct 2021 07:45:46 +0000</pubDate>
				<guid isPermaLink="false">/https://github.com/namquocsonha99/namquocsonha99.github.io.git/?post_type=product&#038;p=118</guid>

					<description><![CDATA[<table>
<tbody>
<tr>
<td>Thương hiệu</td>
<td>OEM</td>
</tr>
<tr>
<td>Xuất xứ</td>
<td>Việt Nam</td>
</tr>
</tbody>
</table>]]></description>
										<content:encoded><![CDATA[<p>Quần Ống Rộng Nữ Ulzzang Chất Vải Nhung Tăm Xuất Hàn, Cạp Cao Khóa Trước Siêu Xinh Xưởng May Nam Anh Ra Thêm 1 mẫu quần ống rộng đang trend năm nay &#8211; Quần Ống Rộng Nữ dài 95 &#8211; 100cm chất nhung tăm &#8211; Có 4 màu: đen, be, hồng, hồng đất ( Kèm Ảnh Thật Shop Tự Chụp ) &#8211; Bảng size (S, M, L, XL) tương ứng khoảng cân với số đo các vòng &#8211; Shop ưu tiên theo thông số đo eo mông hơn nha c e, thông số cân nặng để cân nhắc thêm nếu người mình bị to lệch hơn tỷ lệ bình thường: + Size S: 40-45kg, eo S &lt; 65cm, mông&lt; 90cm + Size M: 45-49kg,eo M &lt; 72cm mông&lt; 92cm + Size L: 49-54kg,eo L &lt; 78cm mông&lt; 95cm + Size XL: 54-60kg,eo XL &lt; 85cm mông&lt;100cm THÔNG SỐ SIZE TƯƠNG ĐỐI THEO BODY PHỔ THÔNG VÀ KINH NGHIỆM KHÁCH ĐÃ ĐẾN CỬA HÀNG THỬ, NẾU KHÁCH CÓ MÔNG/ BỤNG/ ĐÙI TO HOẶC NGƯỜI XỔ KO CHẮC THÌ NÊN TĂNG 1 ĐẾN 2 SIZE TÙY THEO MỨC ĐỘ Ạ. <img src="https://s.w.org/images/core/emoji/13.1.0/72x72/1f33b.png" alt="🌻" class="wp-smiley" style="height: 1em; max-height: 1em;" /> Cam kết sản phẩm đúng như hình ảnh 100% <img src="https://s.w.org/images/core/emoji/13.1.0/72x72/1f33b.png" alt="🌻" class="wp-smiley" style="height: 1em; max-height: 1em;" /> Hoàn tiền 100% nếu khách phát hiện hàng lỗi <img src="https://s.w.org/images/core/emoji/13.1.0/72x72/1f33b.png" alt="🌻" class="wp-smiley" style="height: 1em; max-height: 1em;" /> SỈ IBOX trực tiếp cho shop để được giá sỉ RẺ nhất nha <img src="https://s.w.org/images/core/emoji/13.1.0/72x72/1f33b.png" alt="🌻" class="wp-smiley" style="height: 1em; max-height: 1em;" /> Chúc các nàng mua sắm vui vẻ, luôn xinh đẹp và tràn đầy hạnh phúc nhaaaa<img src="https://s.w.org/images/core/emoji/13.1.0/72x72/2763.png" alt="❣" class="wp-smiley" style="height: 1em; max-height: 1em;" /></p>
]]></content:encoded>
					
					<wfw:commentRss>/https://github.com/namquocsonha99/namquocsonha99.github.io.git/san-pham/quan-ong-rong-nu-ulzzang-chat-vai-nhung-tam-xuat-han/feed/</wfw:commentRss>
			<slash:comments>0</slash:comments>
		
		
			</item>
		<item>
		<title>Áo Thun Nữ Thêu Chữ Màu Trơn Vải Mềm Êm Ái</title>
		<link>/https://github.com/namquocsonha99/namquocsonha99.github.io.git/san-pham/ao-thun-nu-theu-chu-mau-tron-vai-mem-em-ai/</link>
					<comments>/https://github.com/namquocsonha99/namquocsonha99.github.io.git/san-pham/ao-thun-nu-theu-chu-mau-tron-vai-mem-em-ai/#respond</comments>
		
		<dc:creator><![CDATA[nam]]></dc:creator>
		<pubDate>Tue, 26 Oct 2021 04:02:34 +0000</pubDate>
				<guid isPermaLink="false">/https://github.com/namquocsonha99/namquocsonha99.github.io.git/?post_type=product&#038;p=49</guid>

					<description><![CDATA[Mô Tả Sản Phẩm ️Mô tả chi tiết sản phẩm ️Kiểu dáng: Áo Thun Nữ ️Phong cách: Áo Thun Nữ Thêu Chữ Màu Trơn ️Chất liệu: Polyester ️Kích thước: M &#8211; L &#8211; XL &#8211; 2XL ️Đặc điểm nổi bật nhất: Sản phẩm của bên shop có độ dày tiêu chuẩn, mềm mại cho làn [&#8230;]]]></description>
										<content:encoded><![CDATA[<h4 class="BlockTitle__Wrapper-sc-qpz3fo-0 eHltcn">Mô Tả Sản Phẩm</h4>
<div class="content">
<div class="ToggleContent__Wrapper-sc-1dbmfaw-1 cqXrJr">
<div class="ToggleContent__View-sc-1dbmfaw-0 cYhiAl">
<div>
<ul>
<li>&#xfe0f;Mô tả chi tiết sản phẩm</li>
<li></li>
<li>&#xfe0f;Kiểu dáng: Áo Thun Nữ</li>
<li></li>
<li>&#xfe0f;Phong cách: Áo Thun Nữ Thêu Chữ Màu Trơn</li>
<li></li>
<li>&#xfe0f;Chất liệu: Polyester</li>
<li></li>
<li>&#xfe0f;Kích thước: M &#8211; L &#8211; XL &#8211; 2XL</li>
<li></li>
<li>&#xfe0f;Đặc điểm nổi bật nhất: Sản phẩm của bên shop có độ dày tiêu chuẩn, mềm mại cho làn da, cầm mát tay, thiết kế thời trang phù hợp xu hướng hiện nay. Kiểu daáng đa phong cách, đường may tinh tế sắc sảo. Dễ dàng phối trang phục , thích hợp đi chơi đi làm đi dạo phố.</li>
<li></li>
<li>&#xfe0f;Đóng gói: Đóng gói cẩn thận và an toàn, bạn luôn yên tâm khi nhận sản phẩm.</li>
<li></li>
<li>&#8212;&#8212;&#8212;&#8212;&#8212;&#8212;&#8212;&#8212;⁂⁂⁂&#8212;&#8212;&#8212;&#8212;&#8212;&#8212;&#8212;&#8212;</li>
<li></li>
<li>&#xfe0f;Bảng size :</li>
<li></li>
<li>Size M : Nặng 43 &#8211; 46 kg (cao 1,53 &#8211; 1,55 mét)</li>
<li></li>
<li>Size L : Nặng 46 &#8211; 53 kg (cao 1,53 &#8211; 1,58 mét)</li>
<li></li>
<li>Size XL : Nặng 53 &#8211; 57 kg (cao 1,55 &#8211; 1,62 mét)</li>
<li></li>
<li>Size 2XL : Nặng 57 &#8211; 66 kg (cao 1,55 &#8211; 1,66 mét)</li>
<li></li>
<li>&#xfe0f;Chi tiết size cụ thể:</li>
<li></li>
<li>M: Chiều dài 46 / Vòng Ngực 90 / Chiều rộng vai 37.5 / Chiều dài tay 15.5</li>
<li></li>
<li>L: Chiều dài áo 47 / Vòng Ngực 94 / Chiều rộng vai 38.5 / Chiều dài tay 16</li>
<li></li>
<li>XL: Chiều dài áo 48 / Vòng Ngực 98 / Chiều rộng vai 39.5 / Chiều dài tay 16.5</li>
<li></li>
<li>2XL: Chiều dài áo 49 / Vòng Ngực 102 / Chiều rộng vai 40.5 / Chiều dài tay áo 17</li>
<li></li>
<li>&#xfe0f; Nếu chưa chắc về size đừng ngại, hãy Click liên hệ Inbox để hỗ trợ tốt nhất cho bạn nhé&#8230;^^&#8230;</li>
</ul>
<p><img loading="lazy" id="https://salt.tikicdn.com/ts/tmp/c5/f9/72/728d50f0f5c496ec69bb72341e1692f3.jpg" title="" src="https://salt.tikicdn.com/ts/tmp/c5/f9/72/728d50f0f5c496ec69bb72341e1692f3.jpg" alt="" width="750" height="750" /></p>
<p><img loading="lazy" id="https://salt.tikicdn.com/ts/tmp/41/c3/00/e57f81ead0a710eafec6540f54f68fdc.jpg" title="" src="https://salt.tikicdn.com/ts/tmp/41/c3/00/e57f81ead0a710eafec6540f54f68fdc.jpg" alt="" width="750" height="750" /></p>
<p><img loading="lazy" id="https://salt.tikicdn.com/ts/tmp/e3/0b/38/8f907c68965c68303b5a02bae4f39139.jpg" title="" src="https://salt.tikicdn.com/ts/tmp/e3/0b/38/8f907c68965c68303b5a02bae4f39139.jpg" alt="" width="750" height="750" /></p>
<p><img loading="lazy" id="https://salt.tikicdn.com/ts/tmp/1e/8c/ba/7f114ca85dfad2b908a4264685ebc3bc.jpg" title="" src="https://salt.tikicdn.com/ts/tmp/1e/8c/ba/7f114ca85dfad2b908a4264685ebc3bc.jpg" alt="" width="750" height="750" /></p>
<p>Giá sản phẩm trên Tiki đã bao gồm thuế theo luật hiện hành. Bên cạnh đó, tuỳ vào loại sản phẩm, hình thức và địa chỉ giao hàng mà có thể phát sinh thêm chi phí khác như phí vận chuyển, phụ phí hàng cồng kềnh, thuế nhập khẩu (đối với đơn hàng giao từ nước ngoài có giá trị trên 1 triệu đồng)&#8230;..</p>
</div>
</div>
</div>
</div>
]]></content:encoded>
					
					<wfw:commentRss>/https://github.com/namquocsonha99/namquocsonha99.github.io.git/san-pham/ao-thun-nu-theu-chu-mau-tron-vai-mem-em-ai/feed/</wfw:commentRss>
			<slash:comments>0</slash:comments>
		
		
			</item>
		<item>
		<title>Áo Thun Nữ Cổ Tròn Tay Ngắn Vải Mềm Mãi Màu Trơn Trẻ Trung</title>
		<link>/https://github.com/namquocsonha99/namquocsonha99.github.io.git/san-pham/ao-thun-nu-co-tron-tay-ngan-vai-mem-mai-mau-tron-tre-trung/</link>
					<comments>/https://github.com/namquocsonha99/namquocsonha99.github.io.git/san-pham/ao-thun-nu-co-tron-tay-ngan-vai-mem-mai-mau-tron-tre-trung/#respond</comments>
		
		<dc:creator><![CDATA[nam]]></dc:creator>
		<pubDate>Tue, 26 Oct 2021 03:57:00 +0000</pubDate>
				<guid isPermaLink="false">/https://github.com/namquocsonha99/namquocsonha99.github.io.git/?post_type=product&#038;p=45</guid>

					<description><![CDATA[<table>
<tbody>
<tr>
<td>Thương hiệu</td>
<td>OEM</td>
</tr>
<tr>
<td>Xuất xứ</td>
<td>Trung Quốc</td>
</tr>
<tr>
<td>Chất liệu</td>
<td>polyester</td>
</tr>
</tbody>
</table>]]></description>
										<content:encoded><![CDATA[<div class="ToggleContent__View-sc-1dbmfaw-0 cYhiAl">
<div>
<ul>
<li>&#xfe0f;Mô tả chi tiết sản phẩm</li>
<li></li>
<li>&#xfe0f;Kiểu dáng: Áo Thun Cổ Tròn</li>
<li></li>
<li>&#xfe0f;Phong cách: Áo Thun Cổ Tròn Tay Ngắn</li>
<li></li>
<li>&#xfe0f;Chất liệu: Polyester</li>
<li></li>
<li>&#xfe0f;Kích thước: M &#8211; L &#8211; XL &#8211; 2XL</li>
<li></li>
<li>&#xfe0f;Đặc điểm nổi bật nhất: Sản phẩm bên shop có độ dày tiêu chuẩn, mềm mại cho làn da, cầm mát tay, thiết kế thời trang phù hợp xu hướng hiện nay. Kiểu dáng đa phong cách, đường may tinh tế sắc sảo. Dễ dàng phối trang phục , thích hợp đi chơi đi làm đi dạo phố.</li>
<li></li>
<li>&#xfe0f;Đóng gói: Đóng gói cẩn thận và an toàn, bạn luôn yên tâm khi nhận sản phẩm.</li>
<li></li>
<li>&#8212;&#8212;&#8212;&#8212;&#8212;&#8212;&#8212;&#8212;⁂⁂⁂&#8212;&#8212;&#8212;&#8212;&#8212;&#8212;&#8212;&#8212;</li>
<li></li>
<li>&#xfe0f;Bảng size :</li>
<li></li>
<li>Size M : Nặng 43 &#8211; 46 kg (cao 1,53 &#8211; 1,55 mét)</li>
<li></li>
<li>Size L : Nặng 46 &#8211; 53 kg (cao 1,53 &#8211; 1,58 mét)</li>
<li></li>
<li>Size XL : Nặng 53 &#8211; 57 kg (cao 1,55 &#8211; 1,62 mét)</li>
<li></li>
<li>Size 2XL : Nặng 57 &#8211; 66 kg (cao 1,55 &#8211; 1,66 mét)</li>
<li></li>
<li>&#xfe0f; Nếu chưa chắc về size đừng ngại, hãy Click liên hệ Inbox để hỗ trợ tốt nhất cho bạn nhé&#8230;^^&#8230;</li>
</ul>
<p><img loading="lazy" src="https://salt.tikicdn.com/ts/tmp/31/e9/73/999928039ffb0a141289310b28cef854.jpg" alt="" width="750" height="750" /></p>
<p>Giá sản phẩm trên Tiki đã bao gồm thuế theo luật hiện hành. Bên cạnh đó, tuỳ vào loại sản phẩm, hình thức và địa chỉ giao hàng mà có thể phát sinh thêm chi phí khác như phí vận chuyển, phụ phí hàng cồng kềnh, thuế nhập khẩu (đối với đơn hàng giao từ nước ngoài có giá trị trên 1 triệu đồng)&#8230;..</p>
</div>
</div>
]]></content:encoded>
					
					<wfw:commentRss>/https://github.com/namquocsonha99/namquocsonha99.github.io.git/san-pham/ao-thun-nu-co-tron-tay-ngan-vai-mem-mai-mau-tron-tre-trung/feed/</wfw:commentRss>
			<slash:comments>0</slash:comments>
		
		
			</item>
	</channel>
</rss>
