<?xml version="1.0" encoding="UTF-8"?><rss version="2.0"
	xmlns:content="http://purl.org/rss/1.0/modules/content/"
	xmlns:wfw="http://wellformedweb.org/CommentAPI/"
	xmlns:dc="http://purl.org/dc/elements/1.1/"
	xmlns:atom="http://www.w3.org/2005/Atom"
	xmlns:sy="http://purl.org/rss/1.0/modules/syndication/"
	xmlns:slash="http://purl.org/rss/1.0/modules/slash/"
	>

<channel>
	<title>Blog mỗi ngày &#8211; Thời Trang 24/7</title>
	<atom:link href="/https://github.com/namquocsonha99/namquocsonha99.github.io.git/category/blog-moi-ngay/feed/" rel="self" type="application/rss+xml" />
	<link>/https://github.com/namquocsonha99/namquocsonha99.github.io.git</link>
	<description>Just another WordPress site</description>
	<lastBuildDate>Thu, 28 Oct 2021 14:44:03 +0000</lastBuildDate>
	<language>vi</language>
	<sy:updatePeriod>
	hourly	</sy:updatePeriod>
	<sy:updateFrequency>
	1	</sy:updateFrequency>
	<generator>https://wordpress.org/?v=5.8.1</generator>
	<item>
		<title>Trọn bộ sưu tập các mẫu áo khoác nam đẹp nhất hiện nay</title>
		<link>/https://github.com/namquocsonha99/namquocsonha99.github.io.git/tron-bo-suu-tap-cac-mau-ao-khoac-nam-dep-nhat-hien-nay/</link>
					<comments>/https://github.com/namquocsonha99/namquocsonha99.github.io.git/tron-bo-suu-tap-cac-mau-ao-khoac-nam-dep-nhat-hien-nay/#respond</comments>
		
		<dc:creator><![CDATA[nam]]></dc:creator>
		<pubDate>Thu, 28 Oct 2021 14:43:59 +0000</pubDate>
				<category><![CDATA[Blog mỗi ngày]]></category>
		<guid isPermaLink="false">/https://github.com/namquocsonha99/namquocsonha99.github.io.git/?p=152</guid>

					<description><![CDATA[Các mẫu áo khoác bomber nam 
Áo khoác bomber đã xuất hiện trên thị trường khá lâu, đã có một thời gian những chiếc áo khoác bomber nổi như cồn, bẵng qua một thời gian “im ắng” thì đến năm 2021 xu hướng phong cách của giới trẻ đã ưa chuộng trở lại các mẫu áo khoác nam cá tính này.  ]]></description>
										<content:encoded><![CDATA[
<p>Khi những đợt gió lạnh thu đông bắt đầu ùa về thì cũng là thời điểm các chàng trai nên sắm cho mình những mẫu áo khoác vừa giữ ấm cho cơ thể, vừa là item phô diễn khả năng mix/match đồ của bản thân. Hãy cùng <strong>Hidanz </strong>– thương hiệu thời trang local brand giới trẻ giới thiệu đến bạn những mẫu áo khoác nam đẹp nhất hiện nay. </p>



<h3><strong>Hướng dẫn chọn kích thước áo khoác nam bomber</strong></h3>



<p>Để có thể mix/match “xuất thần” với chiếc áo khoác này thì bạn cần lựa chọn đúng size áo phù hợp với vóc dáng cơ thể. Đối với các bạn nam sẽ chọn size áo khoác dựa trên 3 tiêu chí: chiều dài, ngực và vai. Dưới đây là bảng size áo tại Hidanz bạn có thể tham khảo.&nbsp;</p>



<p>Bạn nên chọn size áo mang lại cảm giác thoải mái, dễ chịu khi mặc. Đối với mẫu áo khoác bomber không nên chọn áo quá nhỏ, chật so với cơ thể như vậy nó sẽ không tạo được vẻ thể thao mà chiếc áo này mang lại.&nbsp;</p>
]]></content:encoded>
					
					<wfw:commentRss>/https://github.com/namquocsonha99/namquocsonha99.github.io.git/tron-bo-suu-tap-cac-mau-ao-khoac-nam-dep-nhat-hien-nay/feed/</wfw:commentRss>
			<slash:comments>0</slash:comments>
		
		
			</item>
	</channel>
</rss>
