<?xml version="1.0" encoding="UTF-8"?><rss version="2.0"
	xmlns:content="http://purl.org/rss/1.0/modules/content/"
	xmlns:wfw="http://wellformedweb.org/CommentAPI/"
	xmlns:dc="http://purl.org/dc/elements/1.1/"
	xmlns:atom="http://www.w3.org/2005/Atom"
	xmlns:sy="http://purl.org/rss/1.0/modules/syndication/"
	xmlns:slash="http://purl.org/rss/1.0/modules/slash/"
	>

<channel>
	<title>áo &#8211; Thời Trang 24/7</title>
	<atom:link href="/https://github.com/namquocsonha99/namquocsonha99.github.io.git/tu-khoa-san-pham/ao/feed/" rel="self" type="application/rss+xml" />
	<link>/https://github.com/namquocsonha99/namquocsonha99.github.io.git</link>
	<description>Just another WordPress site</description>
	<lastBuildDate>Thu, 28 Oct 2021 14:15:43 +0000</lastBuildDate>
	<language>vi</language>
	<sy:updatePeriod>
	hourly	</sy:updatePeriod>
	<sy:updateFrequency>
	1	</sy:updateFrequency>
	<generator>https://wordpress.org/?v=5.8.1</generator>
	<item>
		<title>Áo Thun Nữ Thêu Chữ Màu Trơn Vải Mềm Êm Ái</title>
		<link>/https://github.com/namquocsonha99/namquocsonha99.github.io.git/san-pham/ao-thun-nu-theu-chu-mau-tron-vai-mem-em-ai/</link>
					<comments>/https://github.com/namquocsonha99/namquocsonha99.github.io.git/san-pham/ao-thun-nu-theu-chu-mau-tron-vai-mem-em-ai/#respond</comments>
		
		<dc:creator><![CDATA[nam]]></dc:creator>
		<pubDate>Tue, 26 Oct 2021 04:02:34 +0000</pubDate>
				<guid isPermaLink="false">/https://github.com/namquocsonha99/namquocsonha99.github.io.git/?post_type=product&#038;p=49</guid>

					<description><![CDATA[Mô Tả Sản Phẩm ️Mô tả chi tiết sản phẩm ️Kiểu dáng: Áo Thun Nữ ️Phong cách: Áo Thun Nữ Thêu Chữ Màu Trơn ️Chất liệu: Polyester ️Kích thước: M &#8211; L &#8211; XL &#8211; 2XL ️Đặc điểm nổi bật nhất: Sản phẩm của bên shop có độ dày tiêu chuẩn, mềm mại cho làn [&#8230;]]]></description>
										<content:encoded><![CDATA[<h4 class="BlockTitle__Wrapper-sc-qpz3fo-0 eHltcn">Mô Tả Sản Phẩm</h4>
<div class="content">
<div class="ToggleContent__Wrapper-sc-1dbmfaw-1 cqXrJr">
<div class="ToggleContent__View-sc-1dbmfaw-0 cYhiAl">
<div>
<ul>
<li>&#xfe0f;Mô tả chi tiết sản phẩm</li>
<li></li>
<li>&#xfe0f;Kiểu dáng: Áo Thun Nữ</li>
<li></li>
<li>&#xfe0f;Phong cách: Áo Thun Nữ Thêu Chữ Màu Trơn</li>
<li></li>
<li>&#xfe0f;Chất liệu: Polyester</li>
<li></li>
<li>&#xfe0f;Kích thước: M &#8211; L &#8211; XL &#8211; 2XL</li>
<li></li>
<li>&#xfe0f;Đặc điểm nổi bật nhất: Sản phẩm của bên shop có độ dày tiêu chuẩn, mềm mại cho làn da, cầm mát tay, thiết kế thời trang phù hợp xu hướng hiện nay. Kiểu daáng đa phong cách, đường may tinh tế sắc sảo. Dễ dàng phối trang phục , thích hợp đi chơi đi làm đi dạo phố.</li>
<li></li>
<li>&#xfe0f;Đóng gói: Đóng gói cẩn thận và an toàn, bạn luôn yên tâm khi nhận sản phẩm.</li>
<li></li>
<li>&#8212;&#8212;&#8212;&#8212;&#8212;&#8212;&#8212;&#8212;⁂⁂⁂&#8212;&#8212;&#8212;&#8212;&#8212;&#8212;&#8212;&#8212;</li>
<li></li>
<li>&#xfe0f;Bảng size :</li>
<li></li>
<li>Size M : Nặng 43 &#8211; 46 kg (cao 1,53 &#8211; 1,55 mét)</li>
<li></li>
<li>Size L : Nặng 46 &#8211; 53 kg (cao 1,53 &#8211; 1,58 mét)</li>
<li></li>
<li>Size XL : Nặng 53 &#8211; 57 kg (cao 1,55 &#8211; 1,62 mét)</li>
<li></li>
<li>Size 2XL : Nặng 57 &#8211; 66 kg (cao 1,55 &#8211; 1,66 mét)</li>
<li></li>
<li>&#xfe0f;Chi tiết size cụ thể:</li>
<li></li>
<li>M: Chiều dài 46 / Vòng Ngực 90 / Chiều rộng vai 37.5 / Chiều dài tay 15.5</li>
<li></li>
<li>L: Chiều dài áo 47 / Vòng Ngực 94 / Chiều rộng vai 38.5 / Chiều dài tay 16</li>
<li></li>
<li>XL: Chiều dài áo 48 / Vòng Ngực 98 / Chiều rộng vai 39.5 / Chiều dài tay 16.5</li>
<li></li>
<li>2XL: Chiều dài áo 49 / Vòng Ngực 102 / Chiều rộng vai 40.5 / Chiều dài tay áo 17</li>
<li></li>
<li>&#xfe0f; Nếu chưa chắc về size đừng ngại, hãy Click liên hệ Inbox để hỗ trợ tốt nhất cho bạn nhé&#8230;^^&#8230;</li>
</ul>
<p><img loading="lazy" id="https://salt.tikicdn.com/ts/tmp/c5/f9/72/728d50f0f5c496ec69bb72341e1692f3.jpg" title="" src="https://salt.tikicdn.com/ts/tmp/c5/f9/72/728d50f0f5c496ec69bb72341e1692f3.jpg" alt="" width="750" height="750" /></p>
<p><img loading="lazy" id="https://salt.tikicdn.com/ts/tmp/41/c3/00/e57f81ead0a710eafec6540f54f68fdc.jpg" title="" src="https://salt.tikicdn.com/ts/tmp/41/c3/00/e57f81ead0a710eafec6540f54f68fdc.jpg" alt="" width="750" height="750" /></p>
<p><img loading="lazy" id="https://salt.tikicdn.com/ts/tmp/e3/0b/38/8f907c68965c68303b5a02bae4f39139.jpg" title="" src="https://salt.tikicdn.com/ts/tmp/e3/0b/38/8f907c68965c68303b5a02bae4f39139.jpg" alt="" width="750" height="750" /></p>
<p><img loading="lazy" id="https://salt.tikicdn.com/ts/tmp/1e/8c/ba/7f114ca85dfad2b908a4264685ebc3bc.jpg" title="" src="https://salt.tikicdn.com/ts/tmp/1e/8c/ba/7f114ca85dfad2b908a4264685ebc3bc.jpg" alt="" width="750" height="750" /></p>
<p>Giá sản phẩm trên Tiki đã bao gồm thuế theo luật hiện hành. Bên cạnh đó, tuỳ vào loại sản phẩm, hình thức và địa chỉ giao hàng mà có thể phát sinh thêm chi phí khác như phí vận chuyển, phụ phí hàng cồng kềnh, thuế nhập khẩu (đối với đơn hàng giao từ nước ngoài có giá trị trên 1 triệu đồng)&#8230;..</p>
</div>
</div>
</div>
</div>
]]></content:encoded>
					
					<wfw:commentRss>/https://github.com/namquocsonha99/namquocsonha99.github.io.git/san-pham/ao-thun-nu-theu-chu-mau-tron-vai-mem-em-ai/feed/</wfw:commentRss>
			<slash:comments>0</slash:comments>
		
		
			</item>
		<item>
		<title>Áo Sơ Mi Dài Tay Lính Mỹ U458 US ARMY</title>
		<link>/https://github.com/namquocsonha99/namquocsonha99.github.io.git/san-pham/ao-so-mi-dai-tay-linh-my-u458-us-army/</link>
					<comments>/https://github.com/namquocsonha99/namquocsonha99.github.io.git/san-pham/ao-so-mi-dai-tay-linh-my-u458-us-army/#comments</comments>
		
		<dc:creator><![CDATA[nam]]></dc:creator>
		<pubDate>Tue, 26 Oct 2021 03:23:26 +0000</pubDate>
				<guid isPermaLink="false">/https://github.com/namquocsonha99/namquocsonha99.github.io.git/?post_type=product&#038;p=30</guid>

					<description><![CDATA[<table>
<tbody>
<tr>
<td>Thương hiệu</td>
<td>US ARMY</td>
</tr>
<tr>
<td>Xuất xứ thương hiệu</td>
<td>Việt Nam/Trung Quốc/Thái Lan/Indonesia…</td>
</tr>
<tr>
<td>Xuất xứ</td>
<td>Thái Lan/ Indonesia/Trung Quốc</td>
</tr>
<tr>
<td>Model</td>
<td>Áo Sơ Mi Dài Tay Lính Mỹ U458 US ARMY</td>
</tr>
<tr>
<td>Chất liệu</td>
<td>KAKI</td>
</tr>
</tbody>
</table>]]></description>
										<content:encoded><![CDATA[<h4 class="BlockTitle__Wrapper-sc-qpz3fo-0 eHltcn">Mô Tả Sản Phẩm</h4>
<div class="content">
<div class="ToggleContent__Wrapper-sc-1dbmfaw-1 cqXrJr">
<div class="ToggleContent__View-sc-1dbmfaw-0 cYhiAl">
<div>
<p><strong>CAM KẾT CỦA USARMY:</strong></p>
<p>BẢNG SIZE CHUẨN THEO SỐ ĐO NGƯỜI VIỆT NAM.</p>
<p>HOÀN 100% GIÁ TRỊ ĐƠN HÀNG NẾU KHÔNG GIỐNG MÔ TẢ</p>
<p>HỖ TRỢ MIỄN PHÍ ĐỔI &#8211; TRẢ SẢN PHẨM MỌI TRƯỜNG HỢP</p>
<p><img loading="lazy" src="https://salt.tikicdn.com/ts/tmp/34/43/d0/ab84792bc8e2dadd98278dea95e5be3d.jpg" alt="" width="750" height="1443" /></p>
<p><strong>THÔNG TIN SẢN PHẨM:</strong></p>
<p>+ Tên sản phẩm: Áo Sơ Mi Dài Tay Lính Mỹ U458 US ARMY, Chất Liệu Vải Kaki Cao Cấp Thiết Kế Túi Hộp Phong Cách Loại Xịn- HÀNG CHÍNH HÃNG</p>
<p>+ Chất liệu: Kaki cao cấp</p>
<p>+ Màu sắc: 2 Màu (Đen và xanh rêu)</p>
<p>+ Size: S – M – L – XL – 2XL</p>
<p>+ Áo Lính dạng hộp độc đáo, phong cách lính khỏe khoắn, mạnh mẽ.</p>
<p><img loading="lazy" src="https://salt.tikicdn.com/ts/tmp/ca/61/70/c4333311ed3836b6659ef6341444e6c1.jpg" alt="" width="750" height="750" /></p>
<p><strong>TÍNH</strong><strong> NĂNG NỔI BẬT:</strong></p>
<p>+ Thiết kế theo phong cách thời trang lính Mỹ, trẻ trung, năng động, mạnh mẽ, tôn được vẻ nam tính của người đàn ông</p>
<p>+ Lớp vải dệt mật độ cao với kỹ thuật dệt vải nano nhập khẩu</p>
<p>+ Đường may tỉ mỉ chi tiết đến từng đường kim mũi chỉ</p>
<p>+ Chất vải Kaki pha thoáng khí, thấm hút ẩm tốt, không gây kích ứng, không tĩnh điện, xù lông.</p>
<p>+ Kiểu dáng áo: áo dài tay, dáng đứng, suông, cổ bẻ, có túi</p>
<p>+ Bạn là dân chơi ĐỒ LÍNH</p>
<p>&#xfe0f;+ Bạn là Phượt Thủ mê du lịch</p>
<p>&#xfe0f;+ Bạn là những tay chơi moto phân khối lớn, dân chơi xe minsk .</p>
<p>&#xfe0f;+ Hay bạn chỉ đơn giản là Bạn thích ĐỒ LÍNH</p>
<p>+ Hãy đến với chúng tôi để có bộ đồ ưng ý nhất</p>
<p><img loading="lazy" src="https://salt.tikicdn.com/ts/tmp/74/4a/c5/7313dedf788264d4261c653c67d19a89.jpg" alt="" width="750" height="750" /></p>
<p><strong>HƯỚNG</strong><strong> DẪN SỬ DỤNG:</strong></p>
<p>+ Giặt máy với chu kỳ trung bình và vòng quay ngắn</p>
<p>+ Giặt với nhiệt độ tối đa 30 độ C</p>
<p>+ Sấy nhẹ ở nhiệt độ thường</p>
<p>+ Là ủi không quá 110 độ C</p>
<p>+ Phơi bằng móc dưới bóng râm</p>
<p>+ Không sử dụng chất tẩy</p>
<p><strong>LƯU</strong><strong> Ý NHỎ:</strong></p>
<p>+ Không giặt chung với đồ dễ xước</p>
<p>+ Cẩn thận vướng mắc khi phơi</p>
<p><strong>CHÍNH SÁCH ĐỔI- TRẢ:</strong></p>
<p>+ US ARMY hỗ trợ đổi- trả trong mọi trường hợp: mặc không vừa, không ưng sản phẩm đã đặt, muốn đổi sang sản phẩm khác, khi sản phẩm còn nguyên tem mác và chưa qua sử dụng.</p>
<p>+ Nếu có bất kì khiếu nại cần US ARMY hỗ trợ về sản phẩm, khi MỞ sản phẩm Quý khách NÊN quay lại video quá trình mở hàng để được đảm bảo 100% vấn đề sẽ được giải quyết.</p>
<p><strong>ƯU ĐÃI KHI MUA TẠI US ARMY:</strong></p>
<p>+ Click “Theo dõi” shop để nhận ngay VOUCHER giảm giá.</p>
<p>** US ARMY cảm ơn quý khách hàng đã tin tưởng và đồng hành cùng shop. Chúc bạn có một ngày mua sắm thật thoải mái cùng Shop nhé! Đừng ngần ngại nhắn tin cho shop để được hỗ trợ nhanh nhất bạn nhé!</p>
<p>Giá sản phẩm trên Tiki đã bao gồm thuế theo luật hiện hành. Tuy nhiên tuỳ vào từng loại sản phẩm hoặc phương thức, nơi giao hàng mà có thể phát sinh thêm chi phí khác như phí vận chuyển, phụ phí hàng cồng kềnh,</p>
<p>Giá sản phẩm trên Tiki đã bao gồm thuế theo luật hiện hành. Bên cạnh đó, tuỳ vào loại sản phẩm, hình thức và địa chỉ giao hàng mà có thể phát sinh thêm chi phí khác như phí vận chuyển, phụ phí hàng cồng kềnh, thuế nhập khẩu (đối với đơn hàng giao từ nước ngoài có giá trị trên 1 triệu đồng)&#8230;..</p>
</div>
</div>
</div>
</div>
]]></content:encoded>
					
					<wfw:commentRss>/https://github.com/namquocsonha99/namquocsonha99.github.io.git/san-pham/ao-so-mi-dai-tay-linh-my-u458-us-army/feed/</wfw:commentRss>
			<slash:comments>1</slash:comments>
		
		
			</item>
	</channel>
</rss>
