<?xml version="1.0" encoding="UTF-8"?><rss version="2.0"
	xmlns:content="http://purl.org/rss/1.0/modules/content/"
	xmlns:dc="http://purl.org/dc/elements/1.1/"
	xmlns:atom="http://www.w3.org/2005/Atom"
	xmlns:sy="http://purl.org/rss/1.0/modules/syndication/"
	
	>
<channel>
	<title>
	Các phản hồi luận về: Áo Thun Nữ Cổ Tròn Tay Ngắn Vải Mềm Mãi Màu Trơn Trẻ Trung	</title>
	<atom:link href="/https://github.com/namquocsonha99/namquocsonha99.github.io.git/san-pham/ao-thun-nu-co-tron-tay-ngan-vai-mem-mai-mau-tron-tre-trung/feed/" rel="self" type="application/rss+xml" />
	<link>/https://github.com/namquocsonha99/namquocsonha99.github.io.git/san-pham/ao-thun-nu-co-tron-tay-ngan-vai-mem-mai-mau-tron-tre-trung/</link>
	<description>Just another WordPress site</description>
	<lastBuildDate>Tue, 26 Oct 2021 03:57:03 +0000</lastBuildDate>
	<sy:updatePeriod>
	hourly	</sy:updatePeriod>
	<sy:updateFrequency>
	1	</sy:updateFrequency>
	<generator>https://wordpress.org/?v=5.8.1</generator>
</channel>
</rss>
